technique,repetition,case,source_commit,source_phase,runner_status,architecture_outcome,ground_truth_passed,verified,teardown_status,teardown_recoveries,recorded_cost_usd,total_tokens,end_to_end_s,time_through_ground_truth_s,post_ground_truth_remainder_s,latency_valid,run_control_status
allStepsAtOnce,1,environment_variable,bcfab4cbdd726cdb2a3c362adf6edbe060a981b9,pre_patch,PASS,unknown,True,True,passed,,0.011500000000000002,45061,114.103,104.872636,9.230364,True,completed
allStepsAtOnce,1,environment_variable_wrong_name,bcfab4cbdd726cdb2a3c362adf6edbe060a981b9,pre_patch,PASS,unknown,True,True,passed,,0.0068,28224,77.066,67.825154,9.240846,True,completed
allStepsAtOnce,1,incorrect_selector,bcfab4cbdd726cdb2a3c362adf6edbe060a981b9,pre_patch,PASS,unknown,True,True,passed,,0.0051,29913,56.722,47.8543,8.8677,True,completed
allStepsAtOnce,1,incorrect_selector_missing_label,bcfab4cbdd726cdb2a3c362adf6edbe060a981b9,pre_patch,PASS,unknown,True,True,passed,,0.0133,75297,176.879,167.375363,9.503637,True,completed
allStepsAtOnce,1,liveness_probe,bcfab4cbdd726cdb2a3c362adf6edbe060a981b9,pre_patch,PASS,unknown,True,True,passed,,0.006500000000000001,31890,170.35,162.333395,8.016605,True,completed
allStepsAtOnce,1,liveness_probe_wrong_path,bcfab4cbdd726cdb2a3c362adf6edbe060a981b9,pre_patch,PASS,unknown,True,True,passed,,0.0064,25666,117.18,107.889319,9.290681,True,completed
allStepsAtOnce,1,missing_dependency,bcfab4cbdd726cdb2a3c362adf6edbe060a981b9,pre_patch,PASS,unknown,True,True,passed,,0.009,34539,118.283,109.873301,8.409699,True,completed
allStepsAtOnce,1,missing_dependency_requirements,bcfab4cbdd726cdb2a3c362adf6edbe060a981b9,pre_patch,PASS,unknown,True,True,passed,,0.0093,38117,77.924,68.688468,9.235532,True,completed
allStepsAtOnce,1,port_mismatch,bcfab4cbdd726cdb2a3c362adf6edbe060a981b9,pre_patch,PASS,unknown,True,True,passed,,0.0088,35594,108.271,99.614979,8.656021,True,completed
allStepsAtOnce,1,port_mismatch_named_target,bcfab4cbdd726cdb2a3c362adf6edbe060a981b9,pre_patch,PASS,unknown,True,True,passed,,0.0079,44193,98.89,89.954675,8.935325,True,completed
allStepsAtOnce,1,port_mismatch_wrong_interface,bcfab4cbdd726cdb2a3c362adf6edbe060a981b9,pre_patch,PASS,unknown,True,True,passed,,0.014199999999999999,36673,81.77,72.766338,9.003662,True,completed
allStepsAtOnce,1,readiness_failure,bcfab4cbdd726cdb2a3c362adf6edbe060a981b9,pre_patch,PASS,unknown,True,True,passed,,0.0066,30956,73.538,70.654374,2.883626,True,completed
allStepsAtOnce,1,readiness_failure_slow_start,bcfab4cbdd726cdb2a3c362adf6edbe060a981b9,pre_patch,PASS,unknown,True,True,passed,,0.013600000000000001,86884,198.755,190.235817,8.519183,True,completed
allStepsAtOnce,1,readiness_missing_dependency,bcfab4cbdd726cdb2a3c362adf6edbe060a981b9,pre_patch,PASS,unknown,True,True,passed,,0.0143,72179,122.28,113.153057,9.126943,True,completed
allStepsAtOnce,1,readiness_missing_dependency_transitive,bcfab4cbdd726cdb2a3c362adf6edbe060a981b9,pre_patch,PASS,unknown,True,True,passed,,0.015099999999999999,85752,172.724,163.53375,9.19025,True,completed
allStepsAtOnce,1,resource_limits_cpu_starvation,bcfab4cbdd726cdb2a3c362adf6edbe060a981b9,pre_patch,PASS,unknown,True,True,passed,,0.009000000000000001,40126,144.64,136.112329,8.527671,True,completed
allStepsAtOnce,1,resource_limits_oom,bcfab4cbdd726cdb2a3c362adf6edbe060a981b9,pre_patch,PASS,unknown,True,True,passed,,0.0097,44992,100.073,91.568905,8.504095,True,completed
allStepsAtOnce,1,selector_env_variable,bcfab4cbdd726cdb2a3c362adf6edbe060a981b9,pre_patch,PASS,unknown,True,True,passed,,0.009600000000000001,41387,80.084,71.166563,8.917437,True,completed
allStepsAtOnce,1,selector_env_variable_label_and_secret,bcfab4cbdd726cdb2a3c362adf6edbe060a981b9,pre_patch,PASS,unknown,True,True,passed,,0.013600000000000001,64576,122.079,113.131235,8.947765,True,completed
allStepsAtOnce,1,wrong_interface,bcfab4cbdd726cdb2a3c362adf6edbe060a981b9,pre_patch,PASS,unknown,True,True,passed,,0.0121,65755,138.327,129.725574,8.601426,True,completed
allStepsAtOnce,1,wrong_interface_bind_address,bcfab4cbdd726cdb2a3c362adf6edbe060a981b9,pre_patch,PASS,unknown,True,True,passed,,0.0129,60655,128.466,119.198436,9.267564,True,completed
allStepsAtOnce,1,wrong_interface_container_args,bcfab4cbdd726cdb2a3c362adf6edbe060a981b9,pre_patch,PASS,unknown,True,True,passed,,0.0081,38625,98.927,89.767701,9.159299,True,completed
allStepsAtOnce,1,wrong_interface_env_host,bcfab4cbdd726cdb2a3c362adf6edbe060a981b9,pre_patch,PASS,unknown,True,True,passed,,0.0082,49671,128.24,119.532153,8.707847,True,completed
allStepsAtOnce,1,wrong_port,bcfab4cbdd726cdb2a3c362adf6edbe060a981b9,pre_patch,PASS,unknown,True,True,passed,,0.023100000000000002,241348,206.244,203.495029,2.748971,True,completed
allStepsAtOnce,1,wrong_port_5000,bcfab4cbdd726cdb2a3c362adf6edbe060a981b9,pre_patch,PASS,unknown,True,True,passed,,0.0161,59805,162.194,153.34513,8.84887,True,completed
allStepsAtOnce,1,wrong_port_7001,bcfab4cbdd726cdb2a3c362adf6edbe060a981b9,pre_patch,PASS,unknown,True,True,passed,,0.0129,64510,144.456,135.194432,9.261568,True,completed
allStepsAtOnce,1,wrong_port_9090,bcfab4cbdd726cdb2a3c362adf6edbe060a981b9,pre_patch,PASS,unknown,True,True,passed,,0.0153,87796,152.812,143.597898,9.214102,True,completed
knowledgeAgentOnly,1,environment_variable,bcfab4cbdd726cdb2a3c362adf6edbe060a981b9,pre_patch,PASS,execution_completed,True,True,passed,,0.0098,33237,112.946,104.30999,8.63601,True,completed
knowledgeAgentOnly,1,environment_variable_wrong_name,bcfab4cbdd726cdb2a3c362adf6edbe060a981b9,pre_patch,PASS,execution_completed,True,True,passed,,0.006,27452,88.837,79.655175,9.181825,True,completed
knowledgeAgentOnly,1,incorrect_selector,bcfab4cbdd726cdb2a3c362adf6edbe060a981b9,pre_patch,PASS,execution_completed,True,True,passed,,0.004399999999999999,22277,60.743,51.963061,8.779939,True,completed
knowledgeAgentOnly,1,incorrect_selector_missing_label,bcfab4cbdd726cdb2a3c362adf6edbe060a981b9,pre_patch,FAIL,action_failed,False,False,passed,,0.0087,44670,126.163,117.453148,8.709852,True,completed
knowledgeAgentOnly,1,liveness_probe,bcfab4cbdd726cdb2a3c362adf6edbe060a981b9,pre_patch,PASS,execution_completed,True,True,passed,,0.0045000000000000005,15445,156.302,147.844976,8.457024,True,completed
knowledgeAgentOnly,1,liveness_probe_wrong_path,bcfab4cbdd726cdb2a3c362adf6edbe060a981b9,pre_patch,PASS,execution_completed,True,True,passed,,0.0048000000000000004,19235,120.274,111.703997,8.570003,True,completed
knowledgeAgentOnly,1,missing_dependency,bcfab4cbdd726cdb2a3c362adf6edbe060a981b9,pre_patch,FAIL,action_failed,True,True,passed,,0.007299999999999999,16768,71.702,63.658192,8.043808,True,completed
knowledgeAgentOnly,1,missing_dependency_requirements,bcfab4cbdd726cdb2a3c362adf6edbe060a981b9,pre_patch,FAIL,action_failed,True,True,passed,,0.0088,33374,101.938,93.2194,8.7186,True,completed
knowledgeAgentOnly,1,port_mismatch,bcfab4cbdd726cdb2a3c362adf6edbe060a981b9,pre_patch,FAIL,contract_error,False,False,passed,,0.014499999999999999,128278,266.534,257.052802,9.481198,True,completed
knowledgeAgentOnly,1,port_mismatch_named_target,bcfab4cbdd726cdb2a3c362adf6edbe060a981b9,pre_patch,FAIL,contract_error,False,False,passed,,0.0101,65712,373.339,363.986382,9.352618,True,completed
knowledgeAgentOnly,1,port_mismatch_wrong_interface,bcfab4cbdd726cdb2a3c362adf6edbe060a981b9,pre_patch,PASS,execution_completed,True,True,passed,,0.0093,22696,80.814,71.467407,9.346593,True,completed
knowledgeAgentOnly,1,readiness_failure,bcfab4cbdd726cdb2a3c362adf6edbe060a981b9,pre_patch,PASS,execution_completed,True,True,passed,,0.0037,13359,54.32,51.324738,2.995262,True,completed
knowledgeAgentOnly,1,readiness_failure_slow_start,bcfab4cbdd726cdb2a3c362adf6edbe060a981b9,pre_patch,PASS,execution_completed,True,True,passed,,0.0077,40971,144.398,135.134337,9.263663,True,completed
knowledgeAgentOnly,1,readiness_missing_dependency,bcfab4cbdd726cdb2a3c362adf6edbe060a981b9,pre_patch,FAIL,action_failed,True,True,passed,,0.0072,16745,82.049,73.352005,8.696995,True,completed
knowledgeAgentOnly,1,readiness_missing_dependency_transitive,bcfab4cbdd726cdb2a3c362adf6edbe060a981b9,pre_patch,FAIL,action_failed,True,True,passed,,0.009,42589,116.74,107.89124,8.84876,True,completed
knowledgeAgentOnly,1,resource_limits_cpu_starvation,bcfab4cbdd726cdb2a3c362adf6edbe060a981b9,pre_patch,PASS,execution_completed,True,True,passed,,0.006,27701,115.48,106.891792,8.588208,True,completed
knowledgeAgentOnly,1,resource_limits_oom,bcfab4cbdd726cdb2a3c362adf6edbe060a981b9,pre_patch,PASS,execution_completed,True,True,passed,,0.0085,23306,85.276,76.716212,8.559788,True,completed
knowledgeAgentOnly,1,selector_env_variable,bcfab4cbdd726cdb2a3c362adf6edbe060a981b9,pre_patch,PASS,execution_completed,True,True,passed,,0.0103,29888,78.703,70.176013,8.526987,True,completed
knowledgeAgentOnly,1,selector_env_variable_label_and_secret,bcfab4cbdd726cdb2a3c362adf6edbe060a981b9,pre_patch,PASS,execution_completed,True,True,passed,,0.0069,33042,91.241,82.301191,8.939809,True,completed
knowledgeAgentOnly,1,wrong_interface,bcfab4cbdd726cdb2a3c362adf6edbe060a981b9,pre_patch,FAIL,action_failed,True,True,passed,,0.0072,24994,68.869,59.505006,9.363994,True,completed
knowledgeAgentOnly,1,wrong_interface_bind_address,bcfab4cbdd726cdb2a3c362adf6edbe060a981b9,pre_patch,FAIL,action_failed,True,True,passed,,0.011300000000000001,77660,101.395,91.893837,9.501163,True,completed
knowledgeAgentOnly,1,wrong_interface_container_args,bcfab4cbdd726cdb2a3c362adf6edbe060a981b9,pre_patch,PASS,execution_completed,True,False,passed,,0.0060999999999999995,31841,101.188,91.705787,9.482213,True,completed
knowledgeAgentOnly,1,wrong_interface_env_host,bcfab4cbdd726cdb2a3c362adf6edbe060a981b9,pre_patch,PASS,execution_completed,True,False,passed,,0.009000000000000001,46281,125.393,115.960087,9.432913,True,completed
knowledgeAgentOnly,1,wrong_port,bcfab4cbdd726cdb2a3c362adf6edbe060a981b9,pre_patch,PASS,execution_completed,True,True,passed,,0.013000000000000001,74518,128.241,125.463194,2.777806,True,completed
knowledgeAgentOnly,1,wrong_port_5000,bcfab4cbdd726cdb2a3c362adf6edbe060a981b9,pre_patch,FAIL,action_failed,False,True,passed,,0.0115,48478,124.364,115.039075,9.324925,True,completed
knowledgeAgentOnly,1,wrong_port_7001,bcfab4cbdd726cdb2a3c362adf6edbe060a981b9,pre_patch,FAIL,action_failed,False,True,passed,,0.010700000000000001,50464,157.723,148.545083,9.177917,True,completed
knowledgeAgentOnly,1,wrong_port_9090,bcfab4cbdd726cdb2a3c362adf6edbe060a981b9,pre_patch,FAIL,action_failed,False,True,passed,,0.010499999999999999,39192,117.416,108.180946,9.235054,True,completed
knowledgeAgentOnly,2,environment_variable,bcfab4cbdd726cdb2a3c362adf6edbe060a981b9,pre_patch,PASS,execution_completed,True,True,passed,,0.0091,27432,109.22,100.478034,8.741966,True,completed
knowledgeAgentOnly,2,environment_variable_wrong_name,bcfab4cbdd726cdb2a3c362adf6edbe060a981b9,pre_patch,PASS,execution_completed,True,True,passed,,0.0057,24570,63.901,54.705333,9.195667,True,completed
knowledgeAgentOnly,2,incorrect_selector,bcfab4cbdd726cdb2a3c362adf6edbe060a981b9,pre_patch,PASS,execution_completed,True,True,passed,,0.0058,27342,74.931,65.896056,9.034944,True,completed
knowledgeAgentOnly,2,incorrect_selector_missing_label,bcfab4cbdd726cdb2a3c362adf6edbe060a981b9,pre_patch,PASS,execution_completed,True,True,passed,,0.0093,48013,99.015,90.328232,8.686768,True,completed
knowledgeAgentOnly,2,liveness_probe,bcfab4cbdd726cdb2a3c362adf6edbe060a981b9,pre_patch,PASS,execution_completed,True,True,passed,,0.0046,16333,150.276,142.07817,8.19783,True,completed
knowledgeAgentOnly,2,liveness_probe_wrong_path,bcfab4cbdd726cdb2a3c362adf6edbe060a981b9,pre_patch,PASS,execution_completed,True,True,passed,,0.01,56603,185.93,177.298669,8.631331,True,completed
knowledgeAgentOnly,2,missing_dependency,bcfab4cbdd726cdb2a3c362adf6edbe060a981b9,pre_patch,FAIL,action_failed,True,True,passed,,0.0088,20717,84.911,76.093773,8.817227,True,completed
knowledgeAgentOnly,2,missing_dependency_requirements,bcfab4cbdd726cdb2a3c362adf6edbe060a981b9,pre_patch,FAIL,action_failed,True,True,passed,,0.0071,19669,74.816,65.594722,9.221278,True,completed
knowledgeAgentOnly,2,port_mismatch,bcfab4cbdd726cdb2a3c362adf6edbe060a981b9,pre_patch,PASS,execution_completed,True,False,passed,,0.0057,20434,61.924,52.440739,9.483261,True,completed
knowledgeAgentOnly,2,port_mismatch_named_target,bcfab4cbdd726cdb2a3c362adf6edbe060a981b9,pre_patch,FAIL,contract_error,False,False,passed,,0.0117,100265,145.462,136.802504,8.659496,True,completed
knowledgeAgentOnly,2,port_mismatch_wrong_interface,bcfab4cbdd726cdb2a3c362adf6edbe060a981b9,pre_patch,FAIL,action_failed,True,False,passed,,0.0123,30828,88.925,80.114993,8.810007,True,completed
knowledgeAgentOnly,2,readiness_failure,bcfab4cbdd726cdb2a3c362adf6edbe060a981b9,pre_patch,PASS,execution_completed,True,True,passed,,0.0045000000000000005,18447,58.587,54.842564,3.744436,True,completed
knowledgeAgentOnly,2,readiness_failure_slow_start,bcfab4cbdd726cdb2a3c362adf6edbe060a981b9,pre_patch,PASS,execution_completed,True,False,passed,,0.0076,37797,136.376,127.830162,8.545838,True,completed
knowledgeAgentOnly,2,readiness_missing_dependency,bcfab4cbdd726cdb2a3c362adf6edbe060a981b9,pre_patch,FAIL,action_failed,True,True,passed,,0.0063,17615,69.744,60.965674,8.778326,True,completed
knowledgeAgentOnly,2,readiness_missing_dependency_transitive,bcfab4cbdd726cdb2a3c362adf6edbe060a981b9,pre_patch,FAIL,action_failed,True,True,passed,,0.0106,45347,104.234,94.992424,9.241576,True,completed
knowledgeAgentOnly,2,resource_limits_cpu_starvation,bcfab4cbdd726cdb2a3c362adf6edbe060a981b9,pre_patch,PASS,execution_completed,True,True,passed,,0.007,42989,117.884,108.582429,9.301571,True,completed
knowledgeAgentOnly,2,resource_limits_oom,bcfab4cbdd726cdb2a3c362adf6edbe060a981b9,pre_patch,PASS,execution_completed,True,True,passed,,0.0066,24652,88.102,78.89353,9.20847,True,completed
knowledgeAgentOnly,2,selector_env_variable,bcfab4cbdd726cdb2a3c362adf6edbe060a981b9,pre_patch,FAIL,execution_completed,False,False,passed,,0.014,59469,176.147,172.212988,3.934012,True,completed
knowledgeAgentOnly,2,selector_env_variable_label_and_secret,bcfab4cbdd726cdb2a3c362adf6edbe060a981b9,pre_patch,PASS,execution_completed,True,False,passed,,0.0108,49459,143.395,134.440092,8.954908,True,completed
knowledgeAgentOnly,2,wrong_interface,bcfab4cbdd726cdb2a3c362adf6edbe060a981b9,pre_patch,FAIL,action_failed,True,True,passed,,0.012400000000000001,43131,144.564,136.011788,8.552212,True,completed
knowledgeAgentOnly,2,wrong_interface_bind_address,bcfab4cbdd726cdb2a3c362adf6edbe060a981b9,pre_patch,FAIL,action_failed,True,True,passed,,0.0078,21957,82.853,74.190472,8.662528,True,completed
knowledgeAgentOnly,2,wrong_interface_container_args,bcfab4cbdd726cdb2a3c362adf6edbe060a981b9,pre_patch,PASS,execution_completed,True,False,passed,,0.007,25613,101.148,91.652413,9.495587,True,completed
knowledgeAgentOnly,2,wrong_interface_env_host,bcfab4cbdd726cdb2a3c362adf6edbe060a981b9,pre_patch,PASS,execution_completed,True,True,passed,,0.0069,36747,119.418,109.898212,9.519788,True,completed
knowledgeAgentOnly,2,wrong_port,bcfab4cbdd726cdb2a3c362adf6edbe060a981b9,pre_patch,PASS,execution_completed,True,True,passed,,0.012,92663,113.23,110.421583,2.808417,True,completed
knowledgeAgentOnly,2,wrong_port_5000,bcfab4cbdd726cdb2a3c362adf6edbe060a981b9,pre_patch,FAIL,action_failed,False,True,passed,,0.0089,28359,104.203,95.513533,8.689467,True,completed
knowledgeAgentOnly,2,wrong_port_7001,bcfab4cbdd726cdb2a3c362adf6edbe060a981b9,pre_patch,FAIL,action_failed,False,True,passed,,0.0091,27752,93.91,85.067271,8.842729,True,completed
knowledgeAgentOnly,2,wrong_port_9090,bcfab4cbdd726cdb2a3c362adf6edbe060a981b9,pre_patch,FAIL,action_failed,False,True,passed,,0.009,26414,97.007,88.056083,8.950917,True,completed
allStepsAtOnce,2,environment_variable,bcfab4cbdd726cdb2a3c362adf6edbe060a981b9,pre_patch,PASS,unknown,True,True,passed,,0.011799999999999998,79475,128.43,119.226343,9.203657,True,completed
allStepsAtOnce,2,environment_variable_wrong_name,bcfab4cbdd726cdb2a3c362adf6edbe060a981b9,pre_patch,PASS,unknown,True,True,passed,,0.0094,70500,107.197,98.883001,8.313999,True,completed
allStepsAtOnce,2,incorrect_selector,bcfab4cbdd726cdb2a3c362adf6edbe060a981b9,pre_patch,PASS,unknown,True,True,passed,,0.0085,36983,92.11,82.998297,9.111703,True,completed
allStepsAtOnce,2,incorrect_selector_missing_label,bcfab4cbdd726cdb2a3c362adf6edbe060a981b9,pre_patch,PASS,unknown,True,True,passed,,0.0106,62695,118.354,108.907863,9.446137,True,completed
allStepsAtOnce,2,liveness_probe,bcfab4cbdd726cdb2a3c362adf6edbe060a981b9,pre_patch,PASS,unknown,True,True,passed,,0.0088,47353,191.808,183.678647,8.129353,True,completed
allStepsAtOnce,2,liveness_probe_wrong_path,bcfab4cbdd726cdb2a3c362adf6edbe060a981b9,pre_patch,PASS,unknown,True,True,passed,,0.0119,82761,192.023,182.669525,9.353475,True,completed
allStepsAtOnce,2,missing_dependency,bcfab4cbdd726cdb2a3c362adf6edbe060a981b9,pre_patch,PASS,unknown,True,True,passed,,0.0111,47793,147.622,139.181381,8.440619,True,completed
allStepsAtOnce,2,missing_dependency_requirements,bcfab4cbdd726cdb2a3c362adf6edbe060a981b9,pre_patch,PASS,unknown,True,True,passed,,0.0106,48306,142.513,133.378558,9.134442,True,completed
allStepsAtOnce,2,port_mismatch,bcfab4cbdd726cdb2a3c362adf6edbe060a981b9,pre_patch,FAIL,unknown,True,False,passed,,0.011099999999999999,63702,103.304,93.787174,9.516826,True,completed
allStepsAtOnce,2,port_mismatch_named_target,bcfab4cbdd726cdb2a3c362adf6edbe060a981b9,pre_patch,PASS,unknown,True,True,passed,,0.0146,139855,179.846,170.833524,9.012476,True,completed
allStepsAtOnce,2,port_mismatch_wrong_interface,bcfab4cbdd726cdb2a3c362adf6edbe060a981b9,pre_patch,FAIL,unknown,True,False,passed,,0.0137,51537,125.234,116.32957,8.90443,True,completed
allStepsAtOnce,2,readiness_failure,bcfab4cbdd726cdb2a3c362adf6edbe060a981b9,pre_patch,PASS,unknown,True,True,passed,,0.006200000000000001,24293,73.847,70.749241,3.097759,True,completed
allStepsAtOnce,2,readiness_failure_slow_start,bcfab4cbdd726cdb2a3c362adf6edbe060a981b9,pre_patch,PASS,unknown,True,True,passed,,0.015600000000000001,67885,199.789,191.235787,8.553213,True,completed
allStepsAtOnce,2,readiness_missing_dependency,bcfab4cbdd726cdb2a3c362adf6edbe060a981b9,pre_patch,PASS,unknown,True,True,passed,,0.0107,42570,143.545,134.251731,9.293269,True,completed
allStepsAtOnce,2,readiness_missing_dependency_transitive,bcfab4cbdd726cdb2a3c362adf6edbe060a981b9,pre_patch,PASS,unknown,True,True,passed,,0.0123,64154,154.614,145.374499,9.239501,True,completed
allStepsAtOnce,2,resource_limits_cpu_starvation,bcfab4cbdd726cdb2a3c362adf6edbe060a981b9,pre_patch,PASS,unknown,True,True,passed,,0.0183,137987,246.455,237.578483,8.876517,True,completed
allStepsAtOnce,2,resource_limits_oom,bcfab4cbdd726cdb2a3c362adf6edbe060a981b9,pre_patch,FAIL,unknown,True,False,passed,,0.0105,41896,109.635,100.319486,9.315514,True,completed
allStepsAtOnce,2,selector_env_variable,bcfab4cbdd726cdb2a3c362adf6edbe060a981b9,pre_patch,PASS,unknown,True,True,passed,,0.009899999999999999,44085,95.287,86.331728,8.955272,True,completed
allStepsAtOnce,2,selector_env_variable_label_and_secret,bcfab4cbdd726cdb2a3c362adf6edbe060a981b9,pre_patch,FAIL,unknown,True,False,passed,,0.0157,88845,265.517,256.64354,8.87346,True,completed
allStepsAtOnce,2,wrong_interface,bcfab4cbdd726cdb2a3c362adf6edbe060a981b9,pre_patch,PASS,unknown,True,True,passed,,0.013000000000000001,57652,100.058,91.13532,8.92268,True,completed
allStepsAtOnce,2,wrong_interface_bind_address,bcfab4cbdd726cdb2a3c362adf6edbe060a981b9,pre_patch,PASS,unknown,True,True,passed,,0.0139,69076,178.851,170.21907,8.63193,True,completed
allStepsAtOnce,2,wrong_interface_container_args,bcfab4cbdd726cdb2a3c362adf6edbe060a981b9,pre_patch,PASS,unknown,True,True,passed,,0.0103,59526,251.814,242.401789,9.412211,True,completed
allStepsAtOnce,2,wrong_interface_env_host,bcfab4cbdd726cdb2a3c362adf6edbe060a981b9,pre_patch,FAIL,unknown,True,False,passed,,0.0104,65572,132.644,123.975765,8.668235,True,completed
allStepsAtOnce,2,wrong_port,bcfab4cbdd726cdb2a3c362adf6edbe060a981b9,pre_patch,PASS,unknown,True,True,passed,,0.013999999999999999,118707,138.527,135.720682,2.806318,True,completed
allStepsAtOnce,2,wrong_port_5000,bcfab4cbdd726cdb2a3c362adf6edbe060a981b9,pre_patch,PASS,unknown,True,True,passed,,0.011099999999999999,55906,139.288,130.368772,8.919228,True,completed
allStepsAtOnce,2,wrong_port_7001,bcfab4cbdd726cdb2a3c362adf6edbe060a981b9,pre_patch,PASS,unknown,True,True,passed,,0.0138,77207,176.818,167.616167,9.201833,True,completed
allStepsAtOnce,2,wrong_port_9090,bcfab4cbdd726cdb2a3c362adf6edbe060a981b9,pre_patch,PASS,unknown,True,True,passed,,0.016,125709,181.923,173.099226,8.823774,True,completed
allStepsAtOnce,3,environment_variable,bcfab4cbdd726cdb2a3c362adf6edbe060a981b9,pre_patch,PASS,unknown,True,True,passed,,0.0107,45898,101.082,92.397696,8.684304,True,completed
allStepsAtOnce,3,environment_variable_wrong_name,bcfab4cbdd726cdb2a3c362adf6edbe060a981b9,pre_patch,PASS,unknown,True,True,passed,,0.008,40016,85.026,76.405607,8.620393,True,completed
allStepsAtOnce,3,incorrect_selector,bcfab4cbdd726cdb2a3c362adf6edbe060a981b9,pre_patch,PASS,unknown,True,True,passed,,0.008,39827,117.54,108.145808,9.394192,True,completed
allStepsAtOnce,3,incorrect_selector_missing_label,bcfab4cbdd726cdb2a3c362adf6edbe060a981b9,pre_patch,PASS,unknown,True,True,passed,,0.014100000000000001,86259,311.238,301.739429,9.498571,True,completed
allStepsAtOnce,3,liveness_probe,bcfab4cbdd726cdb2a3c362adf6edbe060a981b9,pre_patch,PASS,unknown,True,True,passed,,0.0073,36994,174.817,165.999221,8.817779,True,completed
allStepsAtOnce,3,liveness_probe_wrong_path,bcfab4cbdd726cdb2a3c362adf6edbe060a981b9,pre_patch,PASS,unknown,True,True,passed,,0.0092,44788,144.519,135.696832,8.822168,True,completed
allStepsAtOnce,3,missing_dependency,bcfab4cbdd726cdb2a3c362adf6edbe060a981b9,pre_patch,PASS,unknown,True,True,passed,,0.0137,56762,153.546,145.241765,8.304235,True,completed
allStepsAtOnce,3,missing_dependency_requirements,bcfab4cbdd726cdb2a3c362adf6edbe060a981b9,pre_patch,PASS,unknown,True,True,passed,,0.0128,43121,148.492,139.97913,8.51287,True,completed
allStepsAtOnce,3,port_mismatch,bcfab4cbdd726cdb2a3c362adf6edbe060a981b9,pre_patch,FAIL,unknown,True,False,passed,,0.0083,31989,80.074,71.417836,8.656164,True,completed
allStepsAtOnce,3,port_mismatch_named_target,bcfab4cbdd726cdb2a3c362adf6edbe060a981b9,pre_patch,PASS,unknown,True,True,passed,,0.0113,97200,136.477,127.489973,8.987027,True,completed
allStepsAtOnce,3,port_mismatch_wrong_interface,bcfab4cbdd726cdb2a3c362adf6edbe060a981b9,pre_patch,PASS,unknown,True,True,passed,,0.013300000000000001,42958,108.214,99.027054,9.186946,True,completed
allStepsAtOnce,3,readiness_failure,bcfab4cbdd726cdb2a3c362adf6edbe060a981b9,pre_patch,PASS,unknown,True,True,passed,,0.0058,25118,69.658,66.672002,2.985998,True,completed
allStepsAtOnce,3,readiness_failure_slow_start,bcfab4cbdd726cdb2a3c362adf6edbe060a981b9,pre_patch,PASS,unknown,True,True,passed,,0.0092,37603,157.859,148.639222,9.219778,True,completed
allStepsAtOnce,3,readiness_missing_dependency,bcfab4cbdd726cdb2a3c362adf6edbe060a981b9,pre_patch,PASS,unknown,True,True,passed,,0.0102,54291,144.489,135.591804,8.897196,True,completed
allStepsAtOnce,3,readiness_missing_dependency_transitive,bcfab4cbdd726cdb2a3c362adf6edbe060a981b9,pre_patch,PASS,unknown,True,True,passed,,0.0111,52905,154.825,145.659818,9.165182,True,completed
allStepsAtOnce,3,resource_limits_cpu_starvation,bcfab4cbdd726cdb2a3c362adf6edbe060a981b9,pre_patch,PASS,unknown,True,True,passed,,0.0101,53529,177.621,168.900084,8.720916,True,completed
allStepsAtOnce,3,resource_limits_oom,bcfab4cbdd726cdb2a3c362adf6edbe060a981b9,pre_patch,PASS,unknown,True,True,passed,,0.0163,101118,134.481,125.978083,8.502917,True,completed
allStepsAtOnce,3,selector_env_variable,bcfab4cbdd726cdb2a3c362adf6edbe060a981b9,pre_patch,PASS,unknown,True,True,passed,,0.0127,66576,138.674,130.136411,8.537589,True,completed
allStepsAtOnce,3,selector_env_variable_label_and_secret,bcfab4cbdd726cdb2a3c362adf6edbe060a981b9,pre_patch,FAIL,unknown,True,False,passed,,0.011200000000000002,56702,143.618,134.658498,8.959502,True,completed
allStepsAtOnce,3,wrong_interface,bcfab4cbdd726cdb2a3c362adf6edbe060a981b9,pre_patch,PASS,unknown,True,True,passed,,0.011000000000000001,48618,128.556,119.089021,9.466979,True,completed
allStepsAtOnce,3,wrong_interface_bind_address,bcfab4cbdd726cdb2a3c362adf6edbe060a981b9,pre_patch,PASS,unknown,True,True,passed,,0.0133,92800,151.807,142.265755,9.541245,True,completed
allStepsAtOnce,3,wrong_interface_container_args,bcfab4cbdd726cdb2a3c362adf6edbe060a981b9,pre_patch,PASS,unknown,True,True,passed,,0.0097,51550,123.472,114.862562,8.609438,True,completed
allStepsAtOnce,3,wrong_interface_env_host,bcfab4cbdd726cdb2a3c362adf6edbe060a981b9,pre_patch,PASS,unknown,True,True,passed,,0.012799999999999999,65243,172.933,163.45783,9.47517,True,completed
allStepsAtOnce,3,wrong_port,bcfab4cbdd726cdb2a3c362adf6edbe060a981b9,pre_patch,PASS,unknown,True,True,passed,,0.0205,160405,197.099,194.201491,2.897509,True,completed
allStepsAtOnce,3,wrong_port_5000,bcfab4cbdd726cdb2a3c362adf6edbe060a981b9,pre_patch,PASS,unknown,True,True,passed,,0.011999999999999999,52002,143.329,133.995343,9.333657,True,completed
allStepsAtOnce,3,wrong_port_7001,bcfab4cbdd726cdb2a3c362adf6edbe060a981b9,pre_patch,PASS,unknown,True,True,passed,,0.013300000000000001,59505,144.738,136.057046,8.680954,True,completed
allStepsAtOnce,3,wrong_port_9090,bcfab4cbdd726cdb2a3c362adf6edbe060a981b9,pre_patch,PASS,unknown,True,True,passed,,0.0097,43849,127.301,118.10238,9.19862,True,completed
knowledgeAgentOnly,3,environment_variable,bcfab4cbdd726cdb2a3c362adf6edbe060a981b9,pre_patch,FAIL,action_failed,False,False,passed,,0.011200000000000002,35310,109.398,105.982936,3.415064,True,stopped_cleanup_failure
knowledgeAgentOnly,3,environment_variable_wrong_name,bcfab4cbdd726cdb2a3c362adf6edbe060a981b9,pre_patch,FAIL,contract_error,False,False,passed,,0.006500000000000001,21485,103.13,99.292514,3.837486,True,stopped_cleanup_failure
knowledgeAgentOnly,3,incorrect_selector,bcfab4cbdd726cdb2a3c362adf6edbe060a981b9,pre_patch,PASS,execution_completed,True,True,passed,,0.004699999999999999,23568,77.05,68.340705,8.709295,True,stopped_cleanup_failure
knowledgeAgentOnly,3,incorrect_selector_missing_label,bcfab4cbdd726cdb2a3c362adf6edbe060a981b9,pre_patch,FAIL,execution_completed,False,True,passed,,0.0072,49683,112.054,103.082232,8.971768,True,stopped_cleanup_failure
knowledgeAgentOnly,3,liveness_probe,bcfab4cbdd726cdb2a3c362adf6edbe060a981b9,pre_patch,PASS,execution_completed,True,True,passed,,0.0043,13114,154.315,145.849187,8.465813,True,stopped_cleanup_failure
knowledgeAgentOnly,3,liveness_probe_wrong_path,bcfab4cbdd726cdb2a3c362adf6edbe060a981b9,pre_patch,FAIL,action_failed,False,False,failed,,0.014799999999999999,126347,245.673,223.031349,22.641651,True,stopped_cleanup_failure
knowledgeAgentOnly,3,missing_dependency,40802051fb69c677f604219f141995cd123b34c7,teardown_patch,FAIL,action_failed,True,True,passed,,0.0071,19754,94.346,85.576843,8.769157,True,completed
knowledgeAgentOnly,3,missing_dependency_requirements,40802051fb69c677f604219f141995cd123b34c7,teardown_patch,FAIL,action_failed,True,True,passed,,0.0093,33096,109.113,100.220174,8.892826,True,completed
knowledgeAgentOnly,3,port_mismatch,40802051fb69c677f604219f141995cd123b34c7,teardown_patch,PASS,execution_completed,True,True,passed,,0.0066,35330,65.829,56.942977,8.886023,True,completed
knowledgeAgentOnly,3,port_mismatch_named_target,40802051fb69c677f604219f141995cd123b34c7,teardown_patch,PASS,execution_completed,True,True,passed,,0.0246,310192,211.265,202.319128,8.945872,True,completed
knowledgeAgentOnly,3,port_mismatch_wrong_interface,40802051fb69c677f604219f141995cd123b34c7,teardown_patch,PASS,execution_completed,True,True,passed,,0.0115,41474,98.974,89.858555,9.115445,True,completed
knowledgeAgentOnly,3,readiness_failure,40802051fb69c677f604219f141995cd123b34c7,teardown_patch,PASS,execution_completed,True,True,passed,,0.0047,28855,49.4,45.728678,3.671322,True,completed
knowledgeAgentOnly,3,readiness_failure_slow_start,40802051fb69c677f604219f141995cd123b34c7,teardown_patch,PASS,execution_completed,True,True,passed,,0.0141,113094,253.659,245.201788,8.457212,True,completed
knowledgeAgentOnly,3,readiness_missing_dependency,40802051fb69c677f604219f141995cd123b34c7,teardown_patch,FAIL,action_failed,True,True,passed,,0.0063999999999999994,13900,62.673,53.930697,8.742303,True,completed
knowledgeAgentOnly,3,readiness_missing_dependency_transitive,40802051fb69c677f604219f141995cd123b34c7,teardown_patch,FAIL,action_failed,True,True,passed,,0.0076,25022,90.978,81.667366,9.310634,True,completed
knowledgeAgentOnly,3,resource_limits_cpu_starvation,40802051fb69c677f604219f141995cd123b34c7,teardown_patch,PASS,execution_completed,True,True,passed,,0.0072,31449,137.78,128.578249,9.201751,True,completed
knowledgeAgentOnly,3,resource_limits_oom,40802051fb69c677f604219f141995cd123b34c7,teardown_patch,FAIL,action_failed,True,True,passed,,0.009000000000000001,22004,100.223,91.00205,9.22095,True,completed
knowledgeAgentOnly,3,selector_env_variable,40802051fb69c677f604219f141995cd123b34c7,teardown_patch,PASS,execution_completed,True,True,passed,,0.012799999999999999,44930,107.513,98.772084,8.740916,True,completed
knowledgeAgentOnly,3,selector_env_variable_label_and_secret,40802051fb69c677f604219f141995cd123b34c7,teardown_patch,FAIL,execution_completed,False,False,passed,,0.009399999999999999,40332,173.577,170.596856,2.980144,True,completed
knowledgeAgentOnly,3,wrong_interface,40802051fb69c677f604219f141995cd123b34c7,teardown_patch,FAIL,action_failed,True,True,passed,,0.0084,35337,83.074,73.583536,9.490464,True,completed
knowledgeAgentOnly,3,wrong_interface_bind_address,40802051fb69c677f604219f141995cd123b34c7,teardown_patch,FAIL,action_failed,True,True,passed,,0.0094,30121,86.833,77.785462,9.047538,True,completed
knowledgeAgentOnly,3,wrong_interface_container_args,40802051fb69c677f604219f141995cd123b34c7,teardown_patch,FAIL,action_failed,False,False,passed,,0.0089,27955,112.133,102.686419,9.446581,True,completed
knowledgeAgentOnly,3,wrong_interface_env_host,40802051fb69c677f604219f141995cd123b34c7,teardown_patch,PASS,execution_completed,True,True,passed,,0.009600000000000001,56721,130.558,121.088728,9.469272,True,completed
knowledgeAgentOnly,3,wrong_port,40802051fb69c677f604219f141995cd123b34c7,teardown_patch,PASS,execution_completed,True,True,passed,,0.015,105611,149.117,146.338827,2.778173,True,completed
knowledgeAgentOnly,3,wrong_port_5000,40802051fb69c677f604219f141995cd123b34c7,teardown_patch,PASS,execution_completed,True,True,passed,,0.0073,27023,136.857,127.574495,9.282505,True,completed
knowledgeAgentOnly,3,wrong_port_7001,40802051fb69c677f604219f141995cd123b34c7,teardown_patch,FAIL,action_failed,False,True,passed,,0.01,60336,124.253,114.890257,9.362743,True,completed
knowledgeAgentOnly,3,wrong_port_9090,40802051fb69c677f604219f141995cd123b34c7,teardown_patch,FAIL,action_failed,False,True,passed,,0.0132,61574,180.149,171.521652,8.627348,True,completed
knowledgeAgentOnly,4,environment_variable,40802051fb69c677f604219f141995cd123b34c7,teardown_patch,PASS,execution_completed,True,True,passed,,0.010499999999999999,54777,117.098,108.250735,8.847265,True,completed
knowledgeAgentOnly,4,environment_variable_wrong_name,40802051fb69c677f604219f141995cd123b34c7,teardown_patch,PASS,execution_completed,True,True,passed,,0.0067,26482,110.188,101.311967,8.876033,True,completed
knowledgeAgentOnly,4,incorrect_selector,40802051fb69c677f604219f141995cd123b34c7,teardown_patch,PASS,execution_completed,True,True,passed,,0.004699999999999999,29103,69.922,61.252687,8.669313,True,completed
knowledgeAgentOnly,4,incorrect_selector_missing_label,40802051fb69c677f604219f141995cd123b34c7,teardown_patch,PASS,execution_completed,True,True,passed,,0.0097,46608,270.954,261.447823,9.506177,True,completed
knowledgeAgentOnly,4,liveness_probe,40802051fb69c677f604219f141995cd123b34c7,teardown_patch,FAIL,action_failed,False,True,passed,,0.0045000000000000005,16885,134.184,125.852784,8.331216,True,completed
knowledgeAgentOnly,4,liveness_probe_wrong_path,40802051fb69c677f604219f141995cd123b34c7,teardown_patch,PASS,execution_completed,True,True,passed,,0.0065,36072,146.615,137.698143,8.916857,True,completed
knowledgeAgentOnly,4,missing_dependency,40802051fb69c677f604219f141995cd123b34c7,teardown_patch,FAIL,action_failed,True,True,passed,,0.0091,29289,113.456,104.781916,8.674084,True,completed
knowledgeAgentOnly,4,missing_dependency_requirements,40802051fb69c677f604219f141995cd123b34c7,teardown_patch,FAIL,action_failed,True,True,passed,,0.0091,54779,99.011,90.077736,8.933264,True,completed
knowledgeAgentOnly,4,port_mismatch,40802051fb69c677f604219f141995cd123b34c7,teardown_patch,PASS,execution_completed,True,True,passed,,0.0092,45990,91.169,82.425857,8.743143,True,completed
knowledgeAgentOnly,4,port_mismatch_named_target,40802051fb69c677f604219f141995cd123b34c7,teardown_patch,PASS,execution_completed,True,True,passed,,0.013000000000000001,131510,246.552,237.600823,8.951177,True,completed
knowledgeAgentOnly,4,port_mismatch_wrong_interface,40802051fb69c677f604219f141995cd123b34c7,teardown_patch,FAIL,contract_error,True,True,passed,,0.013500000000000002,41300,95.067,85.637479,9.429521,True,completed
knowledgeAgentOnly,4,readiness_failure,40802051fb69c677f604219f141995cd123b34c7,teardown_patch,PASS,execution_completed,True,True,passed,,0.0058,27747,73.641,70.816957,2.824043,True,completed
knowledgeAgentOnly,4,readiness_failure_slow_start,40802051fb69c677f604219f141995cd123b34c7,teardown_patch,FAIL,action_failed,False,False,passed,,0.0133,77881,229.264,220.684596,8.579404,True,completed
knowledgeAgentOnly,4,readiness_missing_dependency,40802051fb69c677f604219f141995cd123b34c7,teardown_patch,FAIL,action_failed,True,True,passed,,0.0072,28783,97.132,87.855357,9.276643,True,completed
knowledgeAgentOnly,4,readiness_missing_dependency_transitive,40802051fb69c677f604219f141995cd123b34c7,teardown_patch,FAIL,action_failed,True,True,passed,,0.0084,48510,107.062,98.211307,8.850693,True,completed
knowledgeAgentOnly,4,resource_limits_cpu_starvation,40802051fb69c677f604219f141995cd123b34c7,teardown_patch,PASS,execution_completed,True,True,passed,,0.0124,61229,213.028,203.686843,9.341157,True,completed
knowledgeAgentOnly,4,resource_limits_oom,40802051fb69c677f604219f141995cd123b34c7,teardown_patch,PASS,execution_completed,True,True,passed,,0.0137,83960,190.258,181.658597,8.599403,True,completed
knowledgeAgentOnly,4,selector_env_variable,40802051fb69c677f604219f141995cd123b34c7,teardown_patch,FAIL,action_failed,False,False,passed,,0.0156,95074,152.624,148.806078,3.817922,True,completed
knowledgeAgentOnly,4,selector_env_variable_label_and_secret,40802051fb69c677f604219f141995cd123b34c7,teardown_patch,PASS,execution_completed,True,False,passed,,0.018,131877,271.834,262.898648,8.935352,True,completed
knowledgeAgentOnly,4,wrong_interface,40802051fb69c677f604219f141995cd123b34c7,teardown_patch,FAIL,action_failed,True,True,passed,,0.0072,20929,73.709,65.24562,8.46338,True,completed
knowledgeAgentOnly,4,wrong_interface_bind_address,40802051fb69c677f604219f141995cd123b34c7,teardown_patch,FAIL,action_failed,True,True,passed,,0.012,63334,117.156,108.358775,8.797225,True,completed
knowledgeAgentOnly,4,wrong_interface_container_args,40802051fb69c677f604219f141995cd123b34c7,teardown_patch,PASS,execution_completed,True,True,passed,,0.0059,25577,107.484,98.094407,9.389593,True,completed
knowledgeAgentOnly,4,wrong_interface_env_host,40802051fb69c677f604219f141995cd123b34c7,teardown_patch,PASS,execution_completed,True,True,passed,,0.0081,43311,120.417,111.045606,9.371394,True,completed
knowledgeAgentOnly,4,wrong_port,40802051fb69c677f604219f141995cd123b34c7,teardown_patch,PASS,execution_completed,True,True,passed,,0.0087,51137,115.642,112.77475,2.86725,True,completed
knowledgeAgentOnly,4,wrong_port_5000,40802051fb69c677f604219f141995cd123b34c7,teardown_patch,FAIL,action_failed,False,True,passed,,0.009000000000000001,43514,111.758,103.327925,8.430075,True,completed
knowledgeAgentOnly,4,wrong_port_7001,40802051fb69c677f604219f141995cd123b34c7,teardown_patch,FAIL,action_failed,False,False,passed,,0.02,152257,251.574,242.227136,9.346864,True,completed
knowledgeAgentOnly,4,wrong_port_9090,40802051fb69c677f604219f141995cd123b34c7,teardown_patch,FAIL,action_failed,False,True,passed,,0.0145,108978,188.834,179.931625,8.902375,True,completed
allStepsAtOnce,4,environment_variable,40802051fb69c677f604219f141995cd123b34c7,teardown_patch,PASS,unknown,True,True,passed,,0.009000000000000001,35470,93.357,84.887184,8.469816,True,completed
allStepsAtOnce,4,environment_variable_wrong_name,40802051fb69c677f604219f141995cd123b34c7,teardown_patch,PASS,unknown,True,True,passed,,0.0089,54050,116.566,107.312975,9.253025,True,completed
allStepsAtOnce,4,incorrect_selector,40802051fb69c677f604219f141995cd123b34c7,teardown_patch,PASS,unknown,True,True,passed,,0.0069,38810,81.048,72.457871,8.590129,True,completed
allStepsAtOnce,4,incorrect_selector_missing_label,40802051fb69c677f604219f141995cd123b34c7,teardown_patch,PASS,unknown,True,True,passed,,0.0121,86321,276.943,267.478414,9.464586,True,completed
allStepsAtOnce,4,liveness_probe,40802051fb69c677f604219f141995cd123b34c7,teardown_patch,PASS,unknown,True,True,passed,,0.0083,28020,214.955,206.977763,7.977237,True,completed
allStepsAtOnce,4,liveness_probe_wrong_path,40802051fb69c677f604219f141995cd123b34c7,teardown_patch,PASS,unknown,True,True,passed,,0.0081,39629,144.684,135.370526,9.313474,True,completed
allStepsAtOnce,4,missing_dependency,40802051fb69c677f604219f141995cd123b34c7,teardown_patch,PASS,unknown,True,True,passed,,0.0098,35436,116.303,108.275544,8.027456,True,completed
allStepsAtOnce,4,missing_dependency_requirements,40802051fb69c677f604219f141995cd123b34c7,teardown_patch,PASS,unknown,True,True,passed,,0.010499999999999999,58693,123.344,114.134053,9.209947,True,completed
allStepsAtOnce,4,port_mismatch,40802051fb69c677f604219f141995cd123b34c7,teardown_patch,PASS,unknown,True,True,passed,,0.0096,44021,124.469,115.581016,8.887984,True,completed
allStepsAtOnce,4,port_mismatch_named_target,40802051fb69c677f604219f141995cd123b34c7,teardown_patch,PASS,unknown,True,True,passed,,0.012,115597,145.896,136.915457,8.980543,True,completed
allStepsAtOnce,4,port_mismatch_wrong_interface,40802051fb69c677f604219f141995cd123b34c7,teardown_patch,PASS,unknown,True,True,passed,,0.0105,44274,89.852,81.166661,8.685339,True,completed
allStepsAtOnce,4,readiness_failure,40802051fb69c677f604219f141995cd123b34c7,teardown_patch,PASS,unknown,True,True,passed,,0.006200000000000001,23106,83.768,80.852906,2.915094,True,completed
allStepsAtOnce,4,readiness_failure_slow_start,40802051fb69c677f604219f141995cd123b34c7,teardown_patch,PASS,unknown,True,True,passed,,0.018099999999999998,98637,211.468,202.229998,9.238002,True,completed
allStepsAtOnce,4,readiness_missing_dependency,40802051fb69c677f604219f141995cd123b34c7,teardown_patch,PASS,unknown,True,True,passed,,0.0109,49911,149.764,141.071372,8.692628,True,completed
allStepsAtOnce,4,readiness_missing_dependency_transitive,40802051fb69c677f604219f141995cd123b34c7,teardown_patch,PASS,unknown,True,True,passed,,0.0156,101112,171.788,163.276754,8.511246,True,completed
allStepsAtOnce,4,resource_limits_cpu_starvation,40802051fb69c677f604219f141995cd123b34c7,teardown_patch,PASS,unknown,True,True,passed,,0.009399999999999999,59905,137.952,128.689927,9.262073,True,completed
allStepsAtOnce,4,resource_limits_oom,40802051fb69c677f604219f141995cd123b34c7,teardown_patch,PASS,unknown,True,True,passed,,0.011300000000000001,43914,122.53,113.633205,8.896795,True,completed
allStepsAtOnce,4,selector_env_variable,40802051fb69c677f604219f141995cd123b34c7,teardown_patch,PASS,unknown,True,True,passed,,0.0104,45999,91.209,82.319164,8.889836,True,completed
allStepsAtOnce,4,selector_env_variable_label_and_secret,40802051fb69c677f604219f141995cd123b34c7,teardown_patch,PASS,unknown,True,True,passed,,0.014,73629,178.863,169.900814,8.962186,True,completed
allStepsAtOnce,4,wrong_interface,40802051fb69c677f604219f141995cd123b34c7,teardown_patch,PASS,unknown,True,True,passed,,0.0132,82930,136.432,126.947992,9.484008,True,completed
allStepsAtOnce,4,wrong_interface_bind_address,40802051fb69c677f604219f141995cd123b34c7,teardown_patch,PASS,unknown,True,True,passed,,0.0126,67547,129.472,120.067989,9.404011,True,completed
allStepsAtOnce,4,wrong_interface_container_args,40802051fb69c677f604219f141995cd123b34c7,teardown_patch,PASS,unknown,True,True,passed,,0.010700000000000001,56230,243.831,235.072942,8.758058,True,completed
allStepsAtOnce,4,wrong_interface_env_host,40802051fb69c677f604219f141995cd123b34c7,teardown_patch,PASS,unknown,True,True,passed,,0.0106,57277,138.545,129.410286,9.134714,True,completed
allStepsAtOnce,4,wrong_port,40802051fb69c677f604219f141995cd123b34c7,teardown_patch,PASS,unknown,True,True,passed,,0.0137,84818,117.709,114.920149,2.788851,True,completed
allStepsAtOnce,4,wrong_port_5000,40802051fb69c677f604219f141995cd123b34c7,teardown_patch,PASS,unknown,True,True,passed,,0.0133,67691,150.986,142.529216,8.456784,True,completed
allStepsAtOnce,4,wrong_port_7001,40802051fb69c677f604219f141995cd123b34c7,teardown_patch,PASS,unknown,True,True,passed,,0.015,93382,179.053,169.812034,9.240966,True,completed
allStepsAtOnce,4,wrong_port_9090,40802051fb69c677f604219f141995cd123b34c7,teardown_patch,PASS,unknown,True,True,passed,,0.016800000000000002,110580,170.696,162.079149,8.616851,True,completed
allStepsAtOnce,5,environment_variable,40802051fb69c677f604219f141995cd123b34c7,teardown_patch,PASS,unknown,True,True,passed,,0.0113,72503,109.269,100.873837,8.395163,True,completed
allStepsAtOnce,5,environment_variable_wrong_name,40802051fb69c677f604219f141995cd123b34c7,teardown_patch,PASS,unknown,True,True,passed,,0.010499999999999999,62178,129.479,120.493306,8.985694,True,completed
allStepsAtOnce,5,incorrect_selector,40802051fb69c677f604219f141995cd123b34c7,teardown_patch,PASS,unknown,True,True,passed,,0.0070999999999999995,33087,90.161,81.219199,8.941801,True,completed
allStepsAtOnce,5,incorrect_selector_missing_label,40802051fb69c677f604219f141995cd123b34c7,teardown_patch,PASS,unknown,True,True,passed,,0.0159,110153,241.715,232.970813,8.744187,True,completed
allStepsAtOnce,5,liveness_probe,40802051fb69c677f604219f141995cd123b34c7,teardown_patch,PASS,unknown,True,True,passed,,0.0079,30974,196.795,188.477028,8.317972,True,completed
allStepsAtOnce,5,liveness_probe_wrong_path,40802051fb69c677f604219f141995cd123b34c7,teardown_patch,PASS,unknown,True,True,passed,,0.0081,33454,138.444,129.590524,8.853476,True,completed
allStepsAtOnce,5,missing_dependency,40802051fb69c677f604219f141995cd123b34c7,teardown_patch,PASS,unknown,True,True,passed,,0.0112,42528,130.312,121.880809,8.431191,True,completed
allStepsAtOnce,5,missing_dependency_requirements,40802051fb69c677f604219f141995cd123b34c7,teardown_patch,PASS,unknown,True,True,passed,,0.012,56274,127.562,118.289002,9.272998,True,completed
allStepsAtOnce,5,port_mismatch,40802051fb69c677f604219f141995cd123b34c7,teardown_patch,PASS,unknown,True,True,passed,,0.009899999999999999,45978,85.236,75.852394,9.383606,True,completed
allStepsAtOnce,5,port_mismatch_named_target,40802051fb69c677f604219f141995cd123b34c7,teardown_patch,PASS,unknown,True,True,passed,,0.0087,51826,98.976,90.047087,8.928913,True,completed
allStepsAtOnce,5,port_mismatch_wrong_interface,40802051fb69c677f604219f141995cd123b34c7,teardown_patch,PASS,unknown,True,True,passed,,0.0131,45825,103.116,94.063014,9.052986,True,completed
allStepsAtOnce,5,readiness_failure,40802051fb69c677f604219f141995cd123b34c7,teardown_patch,PASS,unknown,True,True,passed,,0.0059,24841,76.602,73.667892,2.934108,True,completed
allStepsAtOnce,5,readiness_failure_slow_start,40802051fb69c677f604219f141995cd123b34c7,teardown_patch,PASS,unknown,True,True,passed,,0.0101,42936,165.706,157.377615,8.328385,True,completed
allStepsAtOnce,5,readiness_missing_dependency,40802051fb69c677f604219f141995cd123b34c7,teardown_patch,PASS,unknown,True,True,passed,,0.012799999999999999,61325,155.882,146.662941,9.219059,True,completed
allStepsAtOnce,5,readiness_missing_dependency_transitive,40802051fb69c677f604219f141995cd123b34c7,teardown_patch,PASS,unknown,True,True,passed,,0.0155,96994,233.398,224.198493,9.199507,True,completed
allStepsAtOnce,5,resource_limits_cpu_starvation,40802051fb69c677f604219f141995cd123b34c7,teardown_patch,PASS,unknown,True,True,passed,,0.0131,93709,195.447,186.606369,8.840631,True,completed
allStepsAtOnce,5,resource_limits_oom,40802051fb69c677f604219f141995cd123b34c7,teardown_patch,PASS,unknown,True,True,passed,,0.0138,74370,200.177,190.855179,9.321821,True,completed
allStepsAtOnce,5,selector_env_variable,40802051fb69c677f604219f141995cd123b34c7,teardown_patch,PASS,unknown,True,True,passed,,0.01,45932,105.359,96.574048,8.784952,True,completed
allStepsAtOnce,5,selector_env_variable_label_and_secret,40802051fb69c677f604219f141995cd123b34c7,teardown_patch,FAIL,unknown,True,False,passed,,0.0229,162054,211.303,202.326102,8.976898,True,completed
allStepsAtOnce,5,wrong_interface,40802051fb69c677f604219f141995cd123b34c7,teardown_patch,PASS,unknown,True,True,passed,,0.0106,57250,128.483,119.524761,8.958239,True,completed
allStepsAtOnce,5,wrong_interface_bind_address,40802051fb69c677f604219f141995cd123b34c7,teardown_patch,PASS,unknown,True,True,passed,,0.013799999999999998,68004,132.759,123.914741,8.844259,True,completed
allStepsAtOnce,5,wrong_interface_container_args,40802051fb69c677f604219f141995cd123b34c7,teardown_patch,PASS,unknown,True,True,passed,,0.0085,46500,109.077,99.619117,9.457883,True,completed
allStepsAtOnce,5,wrong_interface_env_host,40802051fb69c677f604219f141995cd123b34c7,teardown_patch,PASS,unknown,True,True,passed,,0.0092,43460,124.31,115.100301,9.209699,True,completed
allStepsAtOnce,5,wrong_port,40802051fb69c677f604219f141995cd123b34c7,teardown_patch,PASS,unknown,True,True,passed,,0.0125,80919,129.98,127.196941,2.783059,True,completed
allStepsAtOnce,5,wrong_port_5000,40802051fb69c677f604219f141995cd123b34c7,teardown_patch,PASS,unknown,True,True,passed,,0.0126,63919,135.767,126.48138,9.28562,True,completed
allStepsAtOnce,5,wrong_port_7001,40802051fb69c677f604219f141995cd123b34c7,teardown_patch,PASS,unknown,True,True,passed,,0.0121,69850,154.635,145.385419,9.249581,True,completed
allStepsAtOnce,5,wrong_port_9090,40802051fb69c677f604219f141995cd123b34c7,teardown_patch,PASS,unknown,True,True,passed,,0.0113,30148,135.484,126.186967,9.297033,True,completed
knowledgeAgentOnly,5,environment_variable,40802051fb69c677f604219f141995cd123b34c7,teardown_patch,FAIL,action_failed,False,False,passed,,0.009899999999999999,21478,109.275,105.380224,3.894776,True,stopped_cleanup_failure
knowledgeAgentOnly,5,environment_variable_wrong_name,40802051fb69c677f604219f141995cd123b34c7,teardown_patch,PASS,execution_completed,True,True,passed,,0.0060999999999999995,27994,79.896,71.322106,8.573894,True,stopped_cleanup_failure
knowledgeAgentOnly,5,incorrect_selector,40802051fb69c677f604219f141995cd123b34c7,teardown_patch,PASS,execution_completed,True,True,passed,,0.0046,23220,62.826,53.782665,9.043335,True,stopped_cleanup_failure
knowledgeAgentOnly,5,incorrect_selector_missing_label,40802051fb69c677f604219f141995cd123b34c7,teardown_patch,PASS,execution_completed,True,True,passed,,0.009600000000000001,57261,103.213,94.27026,8.94274,True,stopped_cleanup_failure
knowledgeAgentOnly,5,liveness_probe,40802051fb69c677f604219f141995cd123b34c7,teardown_patch,PASS,execution_completed,True,True,passed,,0.004399999999999999,15356,148.404,140.248984,8.155016,True,stopped_cleanup_failure
knowledgeAgentOnly,5,liveness_probe_wrong_path,40802051fb69c677f604219f141995cd123b34c7,teardown_patch,FAIL,action_failed,False,False,failed,,0.0092,50766,191.238,108.62835,82.60965,True,stopped_cleanup_failure
