repetition,case,pair_status,task_outcome_pair,allSteps_ground_truth_passed,knowledgeAgentOnly_ground_truth_passed,allSteps_runner_status,knowledgeAgentOnly_runner_status,allSteps_teardown_status,knowledgeAgentOnly_teardown_status,allSteps_source_commit,knowledgeAgentOnly_source_commit,allSteps_cost_usd,knowledgeAgentOnly_cost_usd,allSteps_total_tokens,knowledgeAgentOnly_total_tokens,allSteps_end_to_end_s,knowledgeAgentOnly_end_to_end_s,allSteps_time_through_ground_truth_s,knowledgeAgentOnly_time_through_ground_truth_s
1,environment_variable,complete_repetition,both_pass,True,True,PASS,PASS,passed,passed,bcfab4cbdd726cdb2a3c362adf6edbe060a981b9,bcfab4cbdd726cdb2a3c362adf6edbe060a981b9,0.011500000000000002,0.0098,45061,33237,114.103,112.946,104.872636,104.30999
1,environment_variable_wrong_name,complete_repetition,both_pass,True,True,PASS,PASS,passed,passed,bcfab4cbdd726cdb2a3c362adf6edbe060a981b9,bcfab4cbdd726cdb2a3c362adf6edbe060a981b9,0.0068,0.006,28224,27452,77.066,88.837,67.825154,79.655175
1,incorrect_selector,complete_repetition,both_pass,True,True,PASS,PASS,passed,passed,bcfab4cbdd726cdb2a3c362adf6edbe060a981b9,bcfab4cbdd726cdb2a3c362adf6edbe060a981b9,0.0051,0.004399999999999999,29913,22277,56.722,60.743,47.8543,51.963061
1,incorrect_selector_missing_label,complete_repetition,all_steps_only_pass,True,False,PASS,FAIL,passed,passed,bcfab4cbdd726cdb2a3c362adf6edbe060a981b9,bcfab4cbdd726cdb2a3c362adf6edbe060a981b9,0.0133,0.0087,75297,44670,176.879,126.163,167.375363,117.453148
1,liveness_probe,complete_repetition,both_pass,True,True,PASS,PASS,passed,passed,bcfab4cbdd726cdb2a3c362adf6edbe060a981b9,bcfab4cbdd726cdb2a3c362adf6edbe060a981b9,0.006500000000000001,0.0045000000000000005,31890,15445,170.35,156.302,162.333395,147.844976
1,liveness_probe_wrong_path,complete_repetition,both_pass,True,True,PASS,PASS,passed,passed,bcfab4cbdd726cdb2a3c362adf6edbe060a981b9,bcfab4cbdd726cdb2a3c362adf6edbe060a981b9,0.0064,0.0048000000000000004,25666,19235,117.18,120.274,107.889319,111.703997
1,missing_dependency,complete_repetition,both_pass,True,True,PASS,FAIL,passed,passed,bcfab4cbdd726cdb2a3c362adf6edbe060a981b9,bcfab4cbdd726cdb2a3c362adf6edbe060a981b9,0.009,0.007299999999999999,34539,16768,118.283,71.702,109.873301,63.658192
1,missing_dependency_requirements,complete_repetition,both_pass,True,True,PASS,FAIL,passed,passed,bcfab4cbdd726cdb2a3c362adf6edbe060a981b9,bcfab4cbdd726cdb2a3c362adf6edbe060a981b9,0.0093,0.0088,38117,33374,77.924,101.938,68.688468,93.2194
1,port_mismatch,complete_repetition,all_steps_only_pass,True,False,PASS,FAIL,passed,passed,bcfab4cbdd726cdb2a3c362adf6edbe060a981b9,bcfab4cbdd726cdb2a3c362adf6edbe060a981b9,0.0088,0.014499999999999999,35594,128278,108.271,266.534,99.614979,257.052802
1,port_mismatch_named_target,complete_repetition,all_steps_only_pass,True,False,PASS,FAIL,passed,passed,bcfab4cbdd726cdb2a3c362adf6edbe060a981b9,bcfab4cbdd726cdb2a3c362adf6edbe060a981b9,0.0079,0.0101,44193,65712,98.89,373.339,89.954675,363.986382
1,port_mismatch_wrong_interface,complete_repetition,both_pass,True,True,PASS,PASS,passed,passed,bcfab4cbdd726cdb2a3c362adf6edbe060a981b9,bcfab4cbdd726cdb2a3c362adf6edbe060a981b9,0.014199999999999999,0.0093,36673,22696,81.77,80.814,72.766338,71.467407
1,readiness_failure,complete_repetition,both_pass,True,True,PASS,PASS,passed,passed,bcfab4cbdd726cdb2a3c362adf6edbe060a981b9,bcfab4cbdd726cdb2a3c362adf6edbe060a981b9,0.0066,0.0037,30956,13359,73.538,54.32,70.654374,51.324738
1,readiness_failure_slow_start,complete_repetition,both_pass,True,True,PASS,PASS,passed,passed,bcfab4cbdd726cdb2a3c362adf6edbe060a981b9,bcfab4cbdd726cdb2a3c362adf6edbe060a981b9,0.013600000000000001,0.0077,86884,40971,198.755,144.398,190.235817,135.134337
1,readiness_missing_dependency,complete_repetition,both_pass,True,True,PASS,FAIL,passed,passed,bcfab4cbdd726cdb2a3c362adf6edbe060a981b9,bcfab4cbdd726cdb2a3c362adf6edbe060a981b9,0.0143,0.0072,72179,16745,122.28,82.049,113.153057,73.352005
1,readiness_missing_dependency_transitive,complete_repetition,both_pass,True,True,PASS,FAIL,passed,passed,bcfab4cbdd726cdb2a3c362adf6edbe060a981b9,bcfab4cbdd726cdb2a3c362adf6edbe060a981b9,0.015099999999999999,0.009,85752,42589,172.724,116.74,163.53375,107.89124
1,resource_limits_cpu_starvation,complete_repetition,both_pass,True,True,PASS,PASS,passed,passed,bcfab4cbdd726cdb2a3c362adf6edbe060a981b9,bcfab4cbdd726cdb2a3c362adf6edbe060a981b9,0.009000000000000001,0.006,40126,27701,144.64,115.48,136.112329,106.891792
1,resource_limits_oom,complete_repetition,both_pass,True,True,PASS,PASS,passed,passed,bcfab4cbdd726cdb2a3c362adf6edbe060a981b9,bcfab4cbdd726cdb2a3c362adf6edbe060a981b9,0.0097,0.0085,44992,23306,100.073,85.276,91.568905,76.716212
1,selector_env_variable,complete_repetition,both_pass,True,True,PASS,PASS,passed,passed,bcfab4cbdd726cdb2a3c362adf6edbe060a981b9,bcfab4cbdd726cdb2a3c362adf6edbe060a981b9,0.009600000000000001,0.0103,41387,29888,80.084,78.703,71.166563,70.176013
1,selector_env_variable_label_and_secret,complete_repetition,both_pass,True,True,PASS,PASS,passed,passed,bcfab4cbdd726cdb2a3c362adf6edbe060a981b9,bcfab4cbdd726cdb2a3c362adf6edbe060a981b9,0.013600000000000001,0.0069,64576,33042,122.079,91.241,113.131235,82.301191
1,wrong_interface,complete_repetition,both_pass,True,True,PASS,FAIL,passed,passed,bcfab4cbdd726cdb2a3c362adf6edbe060a981b9,bcfab4cbdd726cdb2a3c362adf6edbe060a981b9,0.0121,0.0072,65755,24994,138.327,68.869,129.725574,59.505006
1,wrong_interface_bind_address,complete_repetition,both_pass,True,True,PASS,FAIL,passed,passed,bcfab4cbdd726cdb2a3c362adf6edbe060a981b9,bcfab4cbdd726cdb2a3c362adf6edbe060a981b9,0.0129,0.011300000000000001,60655,77660,128.466,101.395,119.198436,91.893837
1,wrong_interface_container_args,complete_repetition,both_pass,True,True,PASS,PASS,passed,passed,bcfab4cbdd726cdb2a3c362adf6edbe060a981b9,bcfab4cbdd726cdb2a3c362adf6edbe060a981b9,0.0081,0.0060999999999999995,38625,31841,98.927,101.188,89.767701,91.705787
1,wrong_interface_env_host,complete_repetition,both_pass,True,True,PASS,PASS,passed,passed,bcfab4cbdd726cdb2a3c362adf6edbe060a981b9,bcfab4cbdd726cdb2a3c362adf6edbe060a981b9,0.0082,0.009000000000000001,49671,46281,128.24,125.393,119.532153,115.960087
1,wrong_port,complete_repetition,both_pass,True,True,PASS,PASS,passed,passed,bcfab4cbdd726cdb2a3c362adf6edbe060a981b9,bcfab4cbdd726cdb2a3c362adf6edbe060a981b9,0.023100000000000002,0.013000000000000001,241348,74518,206.244,128.241,203.495029,125.463194
1,wrong_port_5000,complete_repetition,all_steps_only_pass,True,False,PASS,FAIL,passed,passed,bcfab4cbdd726cdb2a3c362adf6edbe060a981b9,bcfab4cbdd726cdb2a3c362adf6edbe060a981b9,0.0161,0.0115,59805,48478,162.194,124.364,153.34513,115.039075
1,wrong_port_7001,complete_repetition,all_steps_only_pass,True,False,PASS,FAIL,passed,passed,bcfab4cbdd726cdb2a3c362adf6edbe060a981b9,bcfab4cbdd726cdb2a3c362adf6edbe060a981b9,0.0129,0.010700000000000001,64510,50464,144.456,157.723,135.194432,148.545083
1,wrong_port_9090,complete_repetition,all_steps_only_pass,True,False,PASS,FAIL,passed,passed,bcfab4cbdd726cdb2a3c362adf6edbe060a981b9,bcfab4cbdd726cdb2a3c362adf6edbe060a981b9,0.0153,0.010499999999999999,87796,39192,152.812,117.416,143.597898,108.180946
2,environment_variable,complete_repetition,both_pass,True,True,PASS,PASS,passed,passed,bcfab4cbdd726cdb2a3c362adf6edbe060a981b9,bcfab4cbdd726cdb2a3c362adf6edbe060a981b9,0.011799999999999998,0.0091,79475,27432,128.43,109.22,119.226343,100.478034
2,environment_variable_wrong_name,complete_repetition,both_pass,True,True,PASS,PASS,passed,passed,bcfab4cbdd726cdb2a3c362adf6edbe060a981b9,bcfab4cbdd726cdb2a3c362adf6edbe060a981b9,0.0094,0.0057,70500,24570,107.197,63.901,98.883001,54.705333
2,incorrect_selector,complete_repetition,both_pass,True,True,PASS,PASS,passed,passed,bcfab4cbdd726cdb2a3c362adf6edbe060a981b9,bcfab4cbdd726cdb2a3c362adf6edbe060a981b9,0.0085,0.0058,36983,27342,92.11,74.931,82.998297,65.896056
2,incorrect_selector_missing_label,complete_repetition,both_pass,True,True,PASS,PASS,passed,passed,bcfab4cbdd726cdb2a3c362adf6edbe060a981b9,bcfab4cbdd726cdb2a3c362adf6edbe060a981b9,0.0106,0.0093,62695,48013,118.354,99.015,108.907863,90.328232
2,liveness_probe,complete_repetition,both_pass,True,True,PASS,PASS,passed,passed,bcfab4cbdd726cdb2a3c362adf6edbe060a981b9,bcfab4cbdd726cdb2a3c362adf6edbe060a981b9,0.0088,0.0046,47353,16333,191.808,150.276,183.678647,142.07817
2,liveness_probe_wrong_path,complete_repetition,both_pass,True,True,PASS,PASS,passed,passed,bcfab4cbdd726cdb2a3c362adf6edbe060a981b9,bcfab4cbdd726cdb2a3c362adf6edbe060a981b9,0.0119,0.01,82761,56603,192.023,185.93,182.669525,177.298669
2,missing_dependency,complete_repetition,both_pass,True,True,PASS,FAIL,passed,passed,bcfab4cbdd726cdb2a3c362adf6edbe060a981b9,bcfab4cbdd726cdb2a3c362adf6edbe060a981b9,0.0111,0.0088,47793,20717,147.622,84.911,139.181381,76.093773
2,missing_dependency_requirements,complete_repetition,both_pass,True,True,PASS,FAIL,passed,passed,bcfab4cbdd726cdb2a3c362adf6edbe060a981b9,bcfab4cbdd726cdb2a3c362adf6edbe060a981b9,0.0106,0.0071,48306,19669,142.513,74.816,133.378558,65.594722
2,port_mismatch,complete_repetition,both_pass,True,True,FAIL,PASS,passed,passed,bcfab4cbdd726cdb2a3c362adf6edbe060a981b9,bcfab4cbdd726cdb2a3c362adf6edbe060a981b9,0.011099999999999999,0.0057,63702,20434,103.304,61.924,93.787174,52.440739
2,port_mismatch_named_target,complete_repetition,all_steps_only_pass,True,False,PASS,FAIL,passed,passed,bcfab4cbdd726cdb2a3c362adf6edbe060a981b9,bcfab4cbdd726cdb2a3c362adf6edbe060a981b9,0.0146,0.0117,139855,100265,179.846,145.462,170.833524,136.802504
2,port_mismatch_wrong_interface,complete_repetition,both_pass,True,True,FAIL,FAIL,passed,passed,bcfab4cbdd726cdb2a3c362adf6edbe060a981b9,bcfab4cbdd726cdb2a3c362adf6edbe060a981b9,0.0137,0.0123,51537,30828,125.234,88.925,116.32957,80.114993
2,readiness_failure,complete_repetition,both_pass,True,True,PASS,PASS,passed,passed,bcfab4cbdd726cdb2a3c362adf6edbe060a981b9,bcfab4cbdd726cdb2a3c362adf6edbe060a981b9,0.006200000000000001,0.0045000000000000005,24293,18447,73.847,58.587,70.749241,54.842564
2,readiness_failure_slow_start,complete_repetition,both_pass,True,True,PASS,PASS,passed,passed,bcfab4cbdd726cdb2a3c362adf6edbe060a981b9,bcfab4cbdd726cdb2a3c362adf6edbe060a981b9,0.015600000000000001,0.0076,67885,37797,199.789,136.376,191.235787,127.830162
2,readiness_missing_dependency,complete_repetition,both_pass,True,True,PASS,FAIL,passed,passed,bcfab4cbdd726cdb2a3c362adf6edbe060a981b9,bcfab4cbdd726cdb2a3c362adf6edbe060a981b9,0.0107,0.0063,42570,17615,143.545,69.744,134.251731,60.965674
2,readiness_missing_dependency_transitive,complete_repetition,both_pass,True,True,PASS,FAIL,passed,passed,bcfab4cbdd726cdb2a3c362adf6edbe060a981b9,bcfab4cbdd726cdb2a3c362adf6edbe060a981b9,0.0123,0.0106,64154,45347,154.614,104.234,145.374499,94.992424
2,resource_limits_cpu_starvation,complete_repetition,both_pass,True,True,PASS,PASS,passed,passed,bcfab4cbdd726cdb2a3c362adf6edbe060a981b9,bcfab4cbdd726cdb2a3c362adf6edbe060a981b9,0.0183,0.007,137987,42989,246.455,117.884,237.578483,108.582429
2,resource_limits_oom,complete_repetition,both_pass,True,True,FAIL,PASS,passed,passed,bcfab4cbdd726cdb2a3c362adf6edbe060a981b9,bcfab4cbdd726cdb2a3c362adf6edbe060a981b9,0.0105,0.0066,41896,24652,109.635,88.102,100.319486,78.89353
2,selector_env_variable,complete_repetition,all_steps_only_pass,True,False,PASS,FAIL,passed,passed,bcfab4cbdd726cdb2a3c362adf6edbe060a981b9,bcfab4cbdd726cdb2a3c362adf6edbe060a981b9,0.009899999999999999,0.014,44085,59469,95.287,176.147,86.331728,172.212988
2,selector_env_variable_label_and_secret,complete_repetition,both_pass,True,True,FAIL,PASS,passed,passed,bcfab4cbdd726cdb2a3c362adf6edbe060a981b9,bcfab4cbdd726cdb2a3c362adf6edbe060a981b9,0.0157,0.0108,88845,49459,265.517,143.395,256.64354,134.440092
2,wrong_interface,complete_repetition,both_pass,True,True,PASS,FAIL,passed,passed,bcfab4cbdd726cdb2a3c362adf6edbe060a981b9,bcfab4cbdd726cdb2a3c362adf6edbe060a981b9,0.013000000000000001,0.012400000000000001,57652,43131,100.058,144.564,91.13532,136.011788
2,wrong_interface_bind_address,complete_repetition,both_pass,True,True,PASS,FAIL,passed,passed,bcfab4cbdd726cdb2a3c362adf6edbe060a981b9,bcfab4cbdd726cdb2a3c362adf6edbe060a981b9,0.0139,0.0078,69076,21957,178.851,82.853,170.21907,74.190472
2,wrong_interface_container_args,complete_repetition,both_pass,True,True,PASS,PASS,passed,passed,bcfab4cbdd726cdb2a3c362adf6edbe060a981b9,bcfab4cbdd726cdb2a3c362adf6edbe060a981b9,0.0103,0.007,59526,25613,251.814,101.148,242.401789,91.652413
2,wrong_interface_env_host,complete_repetition,both_pass,True,True,FAIL,PASS,passed,passed,bcfab4cbdd726cdb2a3c362adf6edbe060a981b9,bcfab4cbdd726cdb2a3c362adf6edbe060a981b9,0.0104,0.0069,65572,36747,132.644,119.418,123.975765,109.898212
2,wrong_port,complete_repetition,both_pass,True,True,PASS,PASS,passed,passed,bcfab4cbdd726cdb2a3c362adf6edbe060a981b9,bcfab4cbdd726cdb2a3c362adf6edbe060a981b9,0.013999999999999999,0.012,118707,92663,138.527,113.23,135.720682,110.421583
2,wrong_port_5000,complete_repetition,all_steps_only_pass,True,False,PASS,FAIL,passed,passed,bcfab4cbdd726cdb2a3c362adf6edbe060a981b9,bcfab4cbdd726cdb2a3c362adf6edbe060a981b9,0.011099999999999999,0.0089,55906,28359,139.288,104.203,130.368772,95.513533
2,wrong_port_7001,complete_repetition,all_steps_only_pass,True,False,PASS,FAIL,passed,passed,bcfab4cbdd726cdb2a3c362adf6edbe060a981b9,bcfab4cbdd726cdb2a3c362adf6edbe060a981b9,0.0138,0.0091,77207,27752,176.818,93.91,167.616167,85.067271
2,wrong_port_9090,complete_repetition,all_steps_only_pass,True,False,PASS,FAIL,passed,passed,bcfab4cbdd726cdb2a3c362adf6edbe060a981b9,bcfab4cbdd726cdb2a3c362adf6edbe060a981b9,0.016,0.009,125709,26414,181.923,97.007,173.099226,88.056083
3,environment_variable,complete_repetition,all_steps_only_pass,True,False,PASS,FAIL,passed,passed,bcfab4cbdd726cdb2a3c362adf6edbe060a981b9,bcfab4cbdd726cdb2a3c362adf6edbe060a981b9,0.0107,0.011200000000000002,45898,35310,101.082,109.398,92.397696,105.982936
3,environment_variable_wrong_name,complete_repetition,all_steps_only_pass,True,False,PASS,FAIL,passed,passed,bcfab4cbdd726cdb2a3c362adf6edbe060a981b9,bcfab4cbdd726cdb2a3c362adf6edbe060a981b9,0.008,0.006500000000000001,40016,21485,85.026,103.13,76.405607,99.292514
3,incorrect_selector,complete_repetition,both_pass,True,True,PASS,PASS,passed,passed,bcfab4cbdd726cdb2a3c362adf6edbe060a981b9,bcfab4cbdd726cdb2a3c362adf6edbe060a981b9,0.008,0.004699999999999999,39827,23568,117.54,77.05,108.145808,68.340705
3,incorrect_selector_missing_label,complete_repetition,all_steps_only_pass,True,False,PASS,FAIL,passed,passed,bcfab4cbdd726cdb2a3c362adf6edbe060a981b9,bcfab4cbdd726cdb2a3c362adf6edbe060a981b9,0.014100000000000001,0.0072,86259,49683,311.238,112.054,301.739429,103.082232
3,liveness_probe,complete_repetition,both_pass,True,True,PASS,PASS,passed,passed,bcfab4cbdd726cdb2a3c362adf6edbe060a981b9,bcfab4cbdd726cdb2a3c362adf6edbe060a981b9,0.0073,0.0043,36994,13114,174.817,154.315,165.999221,145.849187
3,liveness_probe_wrong_path,complete_repetition,all_steps_only_pass,True,False,PASS,FAIL,passed,failed,bcfab4cbdd726cdb2a3c362adf6edbe060a981b9,bcfab4cbdd726cdb2a3c362adf6edbe060a981b9,0.0092,0.014799999999999999,44788,126347,144.519,245.673,135.696832,223.031349
3,missing_dependency,complete_repetition,both_pass,True,True,PASS,FAIL,passed,passed,bcfab4cbdd726cdb2a3c362adf6edbe060a981b9,40802051fb69c677f604219f141995cd123b34c7,0.0137,0.0071,56762,19754,153.546,94.346,145.241765,85.576843
3,missing_dependency_requirements,complete_repetition,both_pass,True,True,PASS,FAIL,passed,passed,bcfab4cbdd726cdb2a3c362adf6edbe060a981b9,40802051fb69c677f604219f141995cd123b34c7,0.0128,0.0093,43121,33096,148.492,109.113,139.97913,100.220174
3,port_mismatch,complete_repetition,both_pass,True,True,FAIL,PASS,passed,passed,bcfab4cbdd726cdb2a3c362adf6edbe060a981b9,40802051fb69c677f604219f141995cd123b34c7,0.0083,0.0066,31989,35330,80.074,65.829,71.417836,56.942977
3,port_mismatch_named_target,complete_repetition,both_pass,True,True,PASS,PASS,passed,passed,bcfab4cbdd726cdb2a3c362adf6edbe060a981b9,40802051fb69c677f604219f141995cd123b34c7,0.0113,0.0246,97200,310192,136.477,211.265,127.489973,202.319128
3,port_mismatch_wrong_interface,complete_repetition,both_pass,True,True,PASS,PASS,passed,passed,bcfab4cbdd726cdb2a3c362adf6edbe060a981b9,40802051fb69c677f604219f141995cd123b34c7,0.013300000000000001,0.0115,42958,41474,108.214,98.974,99.027054,89.858555
3,readiness_failure,complete_repetition,both_pass,True,True,PASS,PASS,passed,passed,bcfab4cbdd726cdb2a3c362adf6edbe060a981b9,40802051fb69c677f604219f141995cd123b34c7,0.0058,0.0047,25118,28855,69.658,49.4,66.672002,45.728678
3,readiness_failure_slow_start,complete_repetition,both_pass,True,True,PASS,PASS,passed,passed,bcfab4cbdd726cdb2a3c362adf6edbe060a981b9,40802051fb69c677f604219f141995cd123b34c7,0.0092,0.0141,37603,113094,157.859,253.659,148.639222,245.201788
3,readiness_missing_dependency,complete_repetition,both_pass,True,True,PASS,FAIL,passed,passed,bcfab4cbdd726cdb2a3c362adf6edbe060a981b9,40802051fb69c677f604219f141995cd123b34c7,0.0102,0.0063999999999999994,54291,13900,144.489,62.673,135.591804,53.930697
3,readiness_missing_dependency_transitive,complete_repetition,both_pass,True,True,PASS,FAIL,passed,passed,bcfab4cbdd726cdb2a3c362adf6edbe060a981b9,40802051fb69c677f604219f141995cd123b34c7,0.0111,0.0076,52905,25022,154.825,90.978,145.659818,81.667366
3,resource_limits_cpu_starvation,complete_repetition,both_pass,True,True,PASS,PASS,passed,passed,bcfab4cbdd726cdb2a3c362adf6edbe060a981b9,40802051fb69c677f604219f141995cd123b34c7,0.0101,0.0072,53529,31449,177.621,137.78,168.900084,128.578249
3,resource_limits_oom,complete_repetition,both_pass,True,True,PASS,FAIL,passed,passed,bcfab4cbdd726cdb2a3c362adf6edbe060a981b9,40802051fb69c677f604219f141995cd123b34c7,0.0163,0.009000000000000001,101118,22004,134.481,100.223,125.978083,91.00205
3,selector_env_variable,complete_repetition,both_pass,True,True,PASS,PASS,passed,passed,bcfab4cbdd726cdb2a3c362adf6edbe060a981b9,40802051fb69c677f604219f141995cd123b34c7,0.0127,0.012799999999999999,66576,44930,138.674,107.513,130.136411,98.772084
3,selector_env_variable_label_and_secret,complete_repetition,all_steps_only_pass,True,False,FAIL,FAIL,passed,passed,bcfab4cbdd726cdb2a3c362adf6edbe060a981b9,40802051fb69c677f604219f141995cd123b34c7,0.011200000000000002,0.009399999999999999,56702,40332,143.618,173.577,134.658498,170.596856
3,wrong_interface,complete_repetition,both_pass,True,True,PASS,FAIL,passed,passed,bcfab4cbdd726cdb2a3c362adf6edbe060a981b9,40802051fb69c677f604219f141995cd123b34c7,0.011000000000000001,0.0084,48618,35337,128.556,83.074,119.089021,73.583536
3,wrong_interface_bind_address,complete_repetition,both_pass,True,True,PASS,FAIL,passed,passed,bcfab4cbdd726cdb2a3c362adf6edbe060a981b9,40802051fb69c677f604219f141995cd123b34c7,0.0133,0.0094,92800,30121,151.807,86.833,142.265755,77.785462
3,wrong_interface_container_args,complete_repetition,all_steps_only_pass,True,False,PASS,FAIL,passed,passed,bcfab4cbdd726cdb2a3c362adf6edbe060a981b9,40802051fb69c677f604219f141995cd123b34c7,0.0097,0.0089,51550,27955,123.472,112.133,114.862562,102.686419
3,wrong_interface_env_host,complete_repetition,both_pass,True,True,PASS,PASS,passed,passed,bcfab4cbdd726cdb2a3c362adf6edbe060a981b9,40802051fb69c677f604219f141995cd123b34c7,0.012799999999999999,0.009600000000000001,65243,56721,172.933,130.558,163.45783,121.088728
3,wrong_port,complete_repetition,both_pass,True,True,PASS,PASS,passed,passed,bcfab4cbdd726cdb2a3c362adf6edbe060a981b9,40802051fb69c677f604219f141995cd123b34c7,0.0205,0.015,160405,105611,197.099,149.117,194.201491,146.338827
3,wrong_port_5000,complete_repetition,both_pass,True,True,PASS,PASS,passed,passed,bcfab4cbdd726cdb2a3c362adf6edbe060a981b9,40802051fb69c677f604219f141995cd123b34c7,0.011999999999999999,0.0073,52002,27023,143.329,136.857,133.995343,127.574495
3,wrong_port_7001,complete_repetition,all_steps_only_pass,True,False,PASS,FAIL,passed,passed,bcfab4cbdd726cdb2a3c362adf6edbe060a981b9,40802051fb69c677f604219f141995cd123b34c7,0.013300000000000001,0.01,59505,60336,144.738,124.253,136.057046,114.890257
3,wrong_port_9090,complete_repetition,all_steps_only_pass,True,False,PASS,FAIL,passed,passed,bcfab4cbdd726cdb2a3c362adf6edbe060a981b9,40802051fb69c677f604219f141995cd123b34c7,0.0097,0.0132,43849,61574,127.301,180.149,118.10238,171.521652
4,environment_variable,complete_repetition,both_pass,True,True,PASS,PASS,passed,passed,40802051fb69c677f604219f141995cd123b34c7,40802051fb69c677f604219f141995cd123b34c7,0.009000000000000001,0.010499999999999999,35470,54777,93.357,117.098,84.887184,108.250735
4,environment_variable_wrong_name,complete_repetition,both_pass,True,True,PASS,PASS,passed,passed,40802051fb69c677f604219f141995cd123b34c7,40802051fb69c677f604219f141995cd123b34c7,0.0089,0.0067,54050,26482,116.566,110.188,107.312975,101.311967
4,incorrect_selector,complete_repetition,both_pass,True,True,PASS,PASS,passed,passed,40802051fb69c677f604219f141995cd123b34c7,40802051fb69c677f604219f141995cd123b34c7,0.0069,0.004699999999999999,38810,29103,81.048,69.922,72.457871,61.252687
4,incorrect_selector_missing_label,complete_repetition,both_pass,True,True,PASS,PASS,passed,passed,40802051fb69c677f604219f141995cd123b34c7,40802051fb69c677f604219f141995cd123b34c7,0.0121,0.0097,86321,46608,276.943,270.954,267.478414,261.447823
4,liveness_probe,complete_repetition,all_steps_only_pass,True,False,PASS,FAIL,passed,passed,40802051fb69c677f604219f141995cd123b34c7,40802051fb69c677f604219f141995cd123b34c7,0.0083,0.0045000000000000005,28020,16885,214.955,134.184,206.977763,125.852784
4,liveness_probe_wrong_path,complete_repetition,both_pass,True,True,PASS,PASS,passed,passed,40802051fb69c677f604219f141995cd123b34c7,40802051fb69c677f604219f141995cd123b34c7,0.0081,0.0065,39629,36072,144.684,146.615,135.370526,137.698143
4,missing_dependency,complete_repetition,both_pass,True,True,PASS,FAIL,passed,passed,40802051fb69c677f604219f141995cd123b34c7,40802051fb69c677f604219f141995cd123b34c7,0.0098,0.0091,35436,29289,116.303,113.456,108.275544,104.781916
4,missing_dependency_requirements,complete_repetition,both_pass,True,True,PASS,FAIL,passed,passed,40802051fb69c677f604219f141995cd123b34c7,40802051fb69c677f604219f141995cd123b34c7,0.010499999999999999,0.0091,58693,54779,123.344,99.011,114.134053,90.077736
4,port_mismatch,complete_repetition,both_pass,True,True,PASS,PASS,passed,passed,40802051fb69c677f604219f141995cd123b34c7,40802051fb69c677f604219f141995cd123b34c7,0.0096,0.0092,44021,45990,124.469,91.169,115.581016,82.425857
4,port_mismatch_named_target,complete_repetition,both_pass,True,True,PASS,PASS,passed,passed,40802051fb69c677f604219f141995cd123b34c7,40802051fb69c677f604219f141995cd123b34c7,0.012,0.013000000000000001,115597,131510,145.896,246.552,136.915457,237.600823
4,port_mismatch_wrong_interface,complete_repetition,both_pass,True,True,PASS,FAIL,passed,passed,40802051fb69c677f604219f141995cd123b34c7,40802051fb69c677f604219f141995cd123b34c7,0.0105,0.013500000000000002,44274,41300,89.852,95.067,81.166661,85.637479
4,readiness_failure,complete_repetition,both_pass,True,True,PASS,PASS,passed,passed,40802051fb69c677f604219f141995cd123b34c7,40802051fb69c677f604219f141995cd123b34c7,0.006200000000000001,0.0058,23106,27747,83.768,73.641,80.852906,70.816957
4,readiness_failure_slow_start,complete_repetition,all_steps_only_pass,True,False,PASS,FAIL,passed,passed,40802051fb69c677f604219f141995cd123b34c7,40802051fb69c677f604219f141995cd123b34c7,0.018099999999999998,0.0133,98637,77881,211.468,229.264,202.229998,220.684596
4,readiness_missing_dependency,complete_repetition,both_pass,True,True,PASS,FAIL,passed,passed,40802051fb69c677f604219f141995cd123b34c7,40802051fb69c677f604219f141995cd123b34c7,0.0109,0.0072,49911,28783,149.764,97.132,141.071372,87.855357
4,readiness_missing_dependency_transitive,complete_repetition,both_pass,True,True,PASS,FAIL,passed,passed,40802051fb69c677f604219f141995cd123b34c7,40802051fb69c677f604219f141995cd123b34c7,0.0156,0.0084,101112,48510,171.788,107.062,163.276754,98.211307
4,resource_limits_cpu_starvation,complete_repetition,both_pass,True,True,PASS,PASS,passed,passed,40802051fb69c677f604219f141995cd123b34c7,40802051fb69c677f604219f141995cd123b34c7,0.009399999999999999,0.0124,59905,61229,137.952,213.028,128.689927,203.686843
4,resource_limits_oom,complete_repetition,both_pass,True,True,PASS,PASS,passed,passed,40802051fb69c677f604219f141995cd123b34c7,40802051fb69c677f604219f141995cd123b34c7,0.011300000000000001,0.0137,43914,83960,122.53,190.258,113.633205,181.658597
4,selector_env_variable,complete_repetition,all_steps_only_pass,True,False,PASS,FAIL,passed,passed,40802051fb69c677f604219f141995cd123b34c7,40802051fb69c677f604219f141995cd123b34c7,0.0104,0.0156,45999,95074,91.209,152.624,82.319164,148.806078
4,selector_env_variable_label_and_secret,complete_repetition,both_pass,True,True,PASS,PASS,passed,passed,40802051fb69c677f604219f141995cd123b34c7,40802051fb69c677f604219f141995cd123b34c7,0.014,0.018,73629,131877,178.863,271.834,169.900814,262.898648
4,wrong_interface,complete_repetition,both_pass,True,True,PASS,FAIL,passed,passed,40802051fb69c677f604219f141995cd123b34c7,40802051fb69c677f604219f141995cd123b34c7,0.0132,0.0072,82930,20929,136.432,73.709,126.947992,65.24562
4,wrong_interface_bind_address,complete_repetition,both_pass,True,True,PASS,FAIL,passed,passed,40802051fb69c677f604219f141995cd123b34c7,40802051fb69c677f604219f141995cd123b34c7,0.0126,0.012,67547,63334,129.472,117.156,120.067989,108.358775
4,wrong_interface_container_args,complete_repetition,both_pass,True,True,PASS,PASS,passed,passed,40802051fb69c677f604219f141995cd123b34c7,40802051fb69c677f604219f141995cd123b34c7,0.010700000000000001,0.0059,56230,25577,243.831,107.484,235.072942,98.094407
4,wrong_interface_env_host,complete_repetition,both_pass,True,True,PASS,PASS,passed,passed,40802051fb69c677f604219f141995cd123b34c7,40802051fb69c677f604219f141995cd123b34c7,0.0106,0.0081,57277,43311,138.545,120.417,129.410286,111.045606
4,wrong_port,complete_repetition,both_pass,True,True,PASS,PASS,passed,passed,40802051fb69c677f604219f141995cd123b34c7,40802051fb69c677f604219f141995cd123b34c7,0.0137,0.0087,84818,51137,117.709,115.642,114.920149,112.77475
4,wrong_port_5000,complete_repetition,all_steps_only_pass,True,False,PASS,FAIL,passed,passed,40802051fb69c677f604219f141995cd123b34c7,40802051fb69c677f604219f141995cd123b34c7,0.0133,0.009000000000000001,67691,43514,150.986,111.758,142.529216,103.327925
4,wrong_port_7001,complete_repetition,all_steps_only_pass,True,False,PASS,FAIL,passed,passed,40802051fb69c677f604219f141995cd123b34c7,40802051fb69c677f604219f141995cd123b34c7,0.015,0.02,93382,152257,179.053,251.574,169.812034,242.227136
4,wrong_port_9090,complete_repetition,all_steps_only_pass,True,False,PASS,FAIL,passed,passed,40802051fb69c677f604219f141995cd123b34c7,40802051fb69c677f604219f141995cd123b34c7,0.016800000000000002,0.0145,110580,108978,170.696,188.834,162.079149,179.931625
5,environment_variable,partial_repetition,all_steps_only_pass,True,False,PASS,FAIL,passed,passed,40802051fb69c677f604219f141995cd123b34c7,40802051fb69c677f604219f141995cd123b34c7,0.0113,0.009899999999999999,72503,21478,109.269,109.275,100.873837,105.380224
5,environment_variable_wrong_name,partial_repetition,both_pass,True,True,PASS,PASS,passed,passed,40802051fb69c677f604219f141995cd123b34c7,40802051fb69c677f604219f141995cd123b34c7,0.010499999999999999,0.0060999999999999995,62178,27994,129.479,79.896,120.493306,71.322106
5,incorrect_selector,partial_repetition,both_pass,True,True,PASS,PASS,passed,passed,40802051fb69c677f604219f141995cd123b34c7,40802051fb69c677f604219f141995cd123b34c7,0.0070999999999999995,0.0046,33087,23220,90.161,62.826,81.219199,53.782665
5,incorrect_selector_missing_label,partial_repetition,both_pass,True,True,PASS,PASS,passed,passed,40802051fb69c677f604219f141995cd123b34c7,40802051fb69c677f604219f141995cd123b34c7,0.0159,0.009600000000000001,110153,57261,241.715,103.213,232.970813,94.27026
5,liveness_probe,partial_repetition,both_pass,True,True,PASS,PASS,passed,passed,40802051fb69c677f604219f141995cd123b34c7,40802051fb69c677f604219f141995cd123b34c7,0.0079,0.004399999999999999,30974,15356,196.795,148.404,188.477028,140.248984
5,liveness_probe_wrong_path,partial_repetition,all_steps_only_pass,True,False,PASS,FAIL,passed,failed,40802051fb69c677f604219f141995cd123b34c7,40802051fb69c677f604219f141995cd123b34c7,0.0081,0.0092,33454,50766,138.444,191.238,129.590524,108.62835
