technique,repetition,task_outcome_completeness,teardown_integrity,observed_cases,runner_pass,runner_fail,ground_truth_known,ground_truth_pass,verified,teardown_pass,teardown_fail,recorded_cost_usd,total_tokens,end_to_end_s,time_through_ground_truth_s,valid_evaluation_latencies,source_commits
allStepsAtOnce,1,complete,clean,27,27,0,27,27,27,27,0,0.299,1560184,3371.277,3142.460311,27,bcfab4cbdd726cdb2a3c362adf6edbe060a981b9
knowledgeAgentOnly,1,complete,clean,27,15,12,27,21,22,27,0,0.2268,1050173,3252.388,3022.395073,27,bcfab4cbdd726cdb2a3c362adf6edbe060a981b9
allStepsAtOnce,2,complete,clean,27,22,5,27,27,22,27,0,0.3238,1872030,4117.053,3886.895169,27,bcfab4cbdd726cdb2a3c362adf6edbe060a981b9
knowledgeAgentOnly,2,complete,clean,27,15,12,27,22,20,27,0,0.2306,990617,2890.113,2665.402443,27,bcfab4cbdd726cdb2a3c362adf6edbe060a981b9
allStepsAtOnce,3,complete,clean,27,25,2,27,27,25,27,0,0.3056,1587626,3871.485,3641.807701,27,bcfab4cbdd726cdb2a3c362adf6edbe060a981b9
knowledgeAgentOnly,3,complete,cleanup_failure_or_incomplete,27,12,15,27,19,22,26,1,0.2608,1433617,3359.924,3131.443744,27,40802051fb69c677f604219f141995cd123b34c7;bcfab4cbdd726cdb2a3c362adf6edbe060a981b9
allStepsAtOnce,4,complete,clean,27,27,0,27,27,27,27,0,0.3075,1696989,3941.483,3713.371361,27,40802051fb69c677f604219f141995cd123b34c7
knowledgeAgentOnly,4,complete,clean,27,14,13,27,21,23,27,0,0.2763,1576893,3915.633,3691.962177,27,40802051fb69c677f604219f141995cd123b34c7
allStepsAtOnce,5,complete,clean,27,26,1,27,27,26,27,0,0.3104,1646991,3845.434,3615.435279,27,40802051fb69c677f604219f141995cd123b34c7
knowledgeAgentOnly,5,partial_6_of_27,cleanup_failure_or_incomplete,6,4,2,6,4,4,5,1,0.0438,196075,694.852,573.632589,6,40802051fb69c677f604219f141995cd123b34c7
